Id,Category
1.jpg,Road
2.jpg,Tree
3.jpg,Road
4.jpg,Road
5.jpg,Tree
6.jpg,Tree
7.jpg,Building
8.jpg,Road
9.jpg,Tree
10.jpg,Tree
11.jpg,Tree
12.jpg,Tree
13.jpg,Tree
14.jpg,Road
15.jpg,Building
16.jpg,Tree
17.jpg,Tree
18.jpg,Road
19.jpg,Road
20.jpg,Road
21.jpg,Road
22.jpg,Building
23.jpg,Building
24.jpg,Road
25.jpg,Tree
26.jpg,Building
27.jpg,Building
28.jpg,Building
29.jpg,Building
30.jpg,Building
31.jpg,Road
32.jpg,Tree
33.jpg,Road
34.jpg,Building
35.jpg,Road
36.jpg,Road
37.jpg,Road
38.jpg,Building
39.jpg,Tree
40.jpg,Road
41.jpg,Tree
42.jpg,Road
43.jpg,Tree
44.jpg,Tree
45.jpg,Road
46.jpg,Building
47.jpg,Building
48.jpg,Building
49.jpg,Building
50.jpg,Building
51.jpg,Building
52.jpg,Building
53.jpg,Tree
54.jpg,Tree
55.jpg,Building
56.jpg,Building
57.jpg,Road
58.jpg,Road
59.jpg,Tree
60.jpg,Building
61.jpg,Tree
62.jpg,Building
63.jpg,Road
64.jpg,Road
65.jpg,Road
66.jpg,Road
67.jpg,Road
68.jpg,Building
69.jpg,Road
70.jpg,Tree
71.jpg,Tree
72.jpg,Tree
73.jpg,Tree
74.jpg,Tree
75.jpg,Tree
76.jpg,Building
77.jpg,Road
78.jpg,Road
79.jpg,Tree
80.jpg,Building
81.jpg,Tree
82.jpg,Road
83.jpg,Building
84.jpg,Tree
85.jpg,Tree
86.jpg,Road
87.jpg,Tree
88.jpg,Road
89.jpg,Road
90.jpg,Building
91.jpg,Tree
92.jpg,Road
93.jpg,Building
94.jpg,Road
95.jpg,Tree
96.jpg,Road
97.jpg,Tree
98.jpg,Building
99.jpg,Building
100.jpg,Building
101.jpg,Building
102.jpg,Building
103.jpg,Building
104.jpg,Road
105.jpg,Road
106.jpg,Road
107.jpg,Road
108.jpg,Tree
109.jpg,Tree
110.jpg,Tree
111.jpg,Tree
112.jpg,Tree
113.jpg,Road
114.jpg,Road
115.jpg,Tree
116.jpg,Building
117.jpg,Road
118.jpg,Tree
119.jpg,Building
120.jpg,Tree
121.jpg,Road
122.jpg,Building
123.jpg,Tree
124.jpg,Building
125.jpg,Building
126.jpg,Building
127.jpg,Tree
128.jpg,Building
129.jpg,Road
130.jpg,Road
131.jpg,Building
132.jpg,Road
133.jpg,Building
134.jpg,Tree
135.jpg,Tree
136.jpg,Road
137.jpg,Building
138.jpg,Building
139.jpg,Building
140.jpg,Road
141.jpg,Road
142.jpg,Building
143.jpg,Tree
144.jpg,Tree
145.jpg,Road
146.jpg,Road
147.jpg,Building
148.jpg,Tree
149.jpg,Building
150.jpg,Tree
151.jpg,Building
152.jpg,Tree
153.jpg,Building
154.jpg,Building
155.jpg,Tree
156.jpg,Building
157.jpg,Building
158.jpg,Tree
159.jpg,Road
160.jpg,Road
161.jpg,Building
162.jpg,Road
163.jpg,Building
164.jpg,Road
165.jpg,Building
166.jpg,Tree
167.jpg,Tree
168.jpg,Road
169.jpg,Tree
170.jpg,Tree
171.jpg,Tree
172.jpg,Road
173.jpg,Road
174.jpg,Building
175.jpg,Road
176.jpg,Road
177.jpg,Tree
178.jpg,Building
179.jpg,Building
180.jpg,Tree
